{"images\\config.png": {"bboxes": [[1110.0, 47.00000000000001, 384.0, 277.0], [134.0, 653.0, 192.0, 258.0], [1269.0, 431.0, 557.0, 464.0], [614.0, 656.0, 450.0, 258.0], [134.0, 58.0, 491.0, 447.0], [775.6799979073661, 161.82857142857142, 309.9428571428571, 474.51428571428573]], "labels": [0, 0, 2, 2, 2, 0], "ID_zone": [1, 2, 3, 4, 5]}}